name,trav,traj,cdr3a,trbv,trbj,cdr3b,hla,peptide,label
V00,TRAV4,TRAJ22,CLVGDTARQLTF,TRBV6-2,TRBJ1-5,CASHDRENQPQHF,HLA-A*02:01,NLVPMVATV,0
V01,TRAV12-1,TRAJ41,CVVNPSNSNSGYALNF,TRBV19,TRBJ2-7,CASSIRASHEQYF,HLA-A*02:01,GILGFVFTL,1
V02,TRAV17,TRAJ16,CATDDGQKLLF,TRBV6-5,TRBJ1-2,CASSLGTGIGYYGYTF,HLA-A*02:01,GILGFVFTL,1
V03,TRAV20,TRAJ7,CAVQDRGNNRLAF,TRBV27,TRBJ1-1,CASSSGRVTEAFF,HLA-A*02:01,NLVPMVATV,0
V04,TRAV24,TRAJ49,CARNTGNQFYF,TRBV6-5,TRBJ1-2,CASSLGTGIGYYGYCF,HLA-A*02:01,NLVPMVATV,1
V05,TRAV17,TRAJ58,CATGSGSRLTF,TRBV7-3,TRBJ1-4,CASSPGGGQGEKLFF,HLA-A*02:01,GILGFVFTL,0
V06,TRAV1-2,TRAJ12,CVGMDSSYKLIF,TRBV4-2,TRBJ2-5,CASSQDRAALETQYF,HLA-A*02:01,NLVPMVATV,0
V07,TRAV24,TRAJ49,CARNTGNQFYF,TRBV11-2,TRBJ1-1,CASSHDGWGTEAFF,HLA-A*02:01,NLVPMVATV,1
V08,TRAV12-1,TRAJ43,CVVNNNNDMRF,TRBV19,TRBJ2-2,CASQYTNTGELFF,HLA-A*02:01,GILGFVFTL,0
V09,TRAV4,TRAJ34,CLVGDWGDKLIF,TRBV2,TRBJ2-1,CASSDTNEQFF,HLA-A*02:01,GILGFVFTL,0
V10,TRAV29/DV5,TRAJ56,CAASDTGANSKLTF,TRBV7-6,TRBJ2-1,CASSLDTSSYNEQFF,HLA-A*02:01,NLVPMVATV,1
V11,TRAV24,TRAJ49,CAWNTGNQFYF,TRBV6-5,TRBJ1-2,CASSLGTGIGYYGYTF,HLA-A*02:01,NLVPMVATV,1
V12,TRAV25,TRAJ37,CAGWPGSSNTGKLIF,TRBV19,TRBJ2-7,CASSIRSLAEQYF,HLA-A*02:01,GILGFVFTL,1
V13,TRAV20,TRAJ42,CAGGYGGSQGNLIF,TRBV5-4,TRBJ1-6,CASSQDRGDSPLHF,HLA-A*02:01,GILGFVFTL,0
V14,TRAV19,TRAJ20,CALYNYKLSF,TRBV12-3,TRBJ2-7,CASSPSDRLDEQYF,HLA-A*02:01,GILGFVFTL,0
V15,TRAV26-1,TRAJ24,CIVRVATDSWGKLQF,TRBV24-1,TRBJ2-5,CATSDSGTGGKTQYF,HLA-A*02:01,NLVPMVATV,0
V16,TRAV12-1,TRAJ9,CVVSTGGFKTIF,TRBV6-2,TRBJ2-1,CASIGAGEDEQFF,HLA-A*02:01,GILGFVFTL,0
V17,TRAV24,TRAJ49,CARNTGNQFYF,TRBV6-5,TRBJ1-2,CASSYLDGGAGGYTF,HLA-A*02:01,NLVPMVATV,1
V18,TRAV23/DV6,TRAJ15,CAASPSNQAGTALIF,TRBV5-5,TRBJ2-7,CASSFSPGAYEQYF,HLA-A*02:01,NLVPMVATV,0
V19,TRAV2,TRAJ42,CAVEGSQGNLIF,TRBV19,TRBJ2-7,CASSMRSAVEQYF,HLA-A*02:01,GILGFVFTL,1
V20,TRAV35,TRAJ42,CAGQLDGGSQGNLIF,TRBV19,TRBJ1-5,CASAHYSIQPQHF,HLA-A*02:01,GILGFVFTL,1
V21,TRAV29/DV5,TRAJ53,CAASADGGSNYKLTF,TRBV4-1,TRBJ1-5,CASSPTAGQAVGMAQHF,HLA-A*02:01,GILGFVFTL,1
V22,TRAV10,TRAJ41,CVVSESSNSGYALNF,TRBV25-1,TRBJ2-3,CASRLAGVVDTQYF,HLA-A*02:01,GILGFVFTL,0
V23,TRAV6,TRAJ42,CALDEGGGSQGNLIF,TRBV19,TRBJ2-7,CASSIRASHEQYF,HLA-A*02:01,GILGFVFTL,1
V24,TRAV19,TRAJ9,CALSEPPTGGFKTIF,TRBV20-1,TRBJ1-1,CSARDLGGNTEAFF,HLA-A*02:01,GILGFVFTL,0
V25,TRAV3,TRAJ36,CAVRDGTGANNLFF,TRBV19,TRBJ2-3,CATEVTSTDTQYF,HLA-A*02:01,GILGFVFTL,1
V26,TRAV12-1,TRAJ30,CVANRDDKIIF,TRBV2,TRBJ2-2,CASSGMLERNTGELFF,HLA-A*02:01,GILGFVFTL,0
V27,TRAV3,TRAJ10,CAVRDAILTGGGNKLTF,TRBV27,TRBJ2-5,CASRRQGITETQYF,HLA-A*02:01,GILGFVFTL,1
V28,TRAV6,TRAJ30,CALYMNRDDKIIF,TRBV4-1,TRBJ2-3,CASSQLVGVGADTQYF,HLA-A*02:01,GILGFVFTL,1
V29,TRAV21,TRAJ36,CAVRPVGGANNLFF,TRBV27,TRBJ2-2,CATTLGLGTGELFF,HLA-A*02:01,GILGFVFTL,0
